0,description,2,received,here,false,3,admin,29,1523605209981,NULL
1,description,5,received,here,false,3,admin,1,1523067717486,NULL
2,description,5,received,here,true,3,admin,2,1524203988001,NULL
3,description,1,done,here,false,3,admin,15,1523999780048,1523976096482
4,description,4,received,here,false,3,admin,6,1522506808616,NULL
5,description,5,received,here,true,3,admin,11,1523638165579,NULL
6,description,3,done,here,true,3,admin,11,1524932731132,1524904924578
7,description,2,received,here,false,3,admin,25,1523354141673,NULL
8,description,4,done,here,true,3,admin,13,1524687707532,1524681310057
9,description,3,received,here,true,3,admin,24,1523157831898,NULL
10,description,3,done,here,true,3,admin,15,1526025562533,1526002018311
11,description,1,done,here,false,3,admin,21,1521774800780,1521796102732
12,description,3,done,here,true,3,admin,24,1524793855091,1524775491442
13,description,5,received,here,true,3,admin,0,1523309693756,NULL
14,description,5,in progress,here,false,3,admin,12,1524340915448,NULL
15,description,1,in progress,here,true,3,admin,10,1525413214546,NULL
16,description,5,done,here,false,3,admin,22,1525471944561,1525462103841
17,description,4,done,here,true,3,admin,14,1523231218739,1523260349766
18,description,1,done,here,false,3,admin,7,1524519896021,1524551250197
19,description,3,received,here,true,3,admin,25,1522938996534,NULL
20,description,2,received,here,true,3,admin,29,1524704856951,NULL
21,description,3,received,here,false,3,admin,5,1523476002952,NULL
22,description,3,in progress,here,false,3,admin,27,1522233069137,NULL
23,description,2,received,here,true,3,admin,26,1522761486504,NULL
24,description,5,received,here,true,3,admin,9,1523172006987,NULL
25,description,2,done,here,true,3,admin,25,1523075175069,1523099232113
26,description,5,done,here,false,3,admin,20,1523950557993,1523915968184
27,description,4,received,here,true,3,admin,23,1524408538542,NULL
28,description,5,done,here,false,3,admin,14,1524670669925,1524703407339
29,description,2,done,here,true,3,admin,17,1523402283109,1523382754640
30,description,3,received,here,true,3,admin,0,1525624705689,NULL
31,description,4,done,here,true,3,admin,5,1524459282488,1524428582678
32,description,1,received,here,false,3,admin,16,1524233390610,NULL
33,description,4,received,here,true,3,admin,15,1522376256988,NULL
34,description,4,received,here,true,3,admin,19,1523920419520,NULL
35,description,3,done,here,false,3,admin,0,1524591626752,1524603335576
36,description,4,received,here,true,3,admin,25,1523968066625,NULL
37,description,2,received,here,true,3,admin,23,1524664658280,NULL
38,description,3,in progress,here,true,3,admin,24,1525070000547,NULL
39,description,2,done,here,false,3,admin,16,1525804714590,1525785483849
40,description,5,received,here,true,3,admin,28,1524844106875,NULL
41,description,5,received,here,true,3,admin,21,1525997806661,NULL
42,description,4,received,here,false,3,admin,29,1525783381302,NULL
43,description,5,received,here,false,3,admin,22,1521807668416,NULL
44,description,4,received,here,true,3,admin,22,1521892681572,NULL
45,description,2,done,here,true,3,admin,17,1523268935211,1523247715821
46,description,1,done,here,false,3,admin,26,1524926240010,1524922643048
47,description,5,done,here,false,3,admin,22,1524113347992,1524081118063
48,description,2,received,here,false,3,admin,22,1524355180007,NULL
49,description,4,received,here,true,3,admin,12,1525485556926,NULL
50,description,4,in progress,here,true,3,admin,15,1524510032705,NULL
51,description,1,in progress,here,false,3,admin,8,1523382027404,NULL
52,description,2,in progress,here,false,3,admin,21,1523953142603,NULL
53,description,5,received,here,true,3,admin,8,1524584729925,NULL
54,description,1,done,here,true,3,admin,9,1522969687336,1522940431691
55,description,5,received,here,true,3,admin,13,1523125333973,NULL
56,description,2,received,here,false,3,admin,5,1523349417827,NULL
57,description,3,done,here,true,3,admin,17,1524127657320,1524115828130
58,description,1,done,here,false,3,admin,1,1524402477604,1524373091134
59,description,5,received,here,false,3,admin,13,1522267565374,NULL
60,description,4,received,here,false,3,admin,21,1525942480677,NULL
61,description,5,done,here,true,3,admin,25,1523947241062,1523935356987
62,description,2,received,here,false,3,admin,22,1525128835863,NULL
63,description,5,done,here,true,3,admin,1,1523369941690,1523374458294
64,description,2,done,here,false,3,admin,0,1521936429450,1521950015817
65,description,3,done,here,true,3,admin,20,1524784917344,1524761698101
66,description,3,done,here,false,3,admin,12,1523609528716,1523629335448
67,description,5,received,here,true,3,admin,16,1524498039275,NULL
68,description,5,done,here,false,3,admin,13,1522925018174,1522925764327
69,description,4,received,here,false,3,admin,22,1523439328344,NULL
70,description,4,done,here,false,3,admin,28,1522943643756,1522932078863
71,description,5,in progress,here,false,3,admin,27,1522562973986,NULL
72,description,4,done,here,true,3,admin,8,1526051630160,1526055711770
73,description,5,received,here,false,3,admin,10,1524677639945,NULL
74,description,1,in progress,here,false,3,admin,0,1525143311261,NULL
75,description,5,done,here,false,3,admin,20,1522315463201,1522335257536
76,description,4,done,here,true,3,admin,15,1524043322569,1524048459283
77,description,4,in progress,here,true,3,admin,4,1524525524220,NULL
78,description,5,received,here,false,3,admin,20,1523102846386,NULL
79,description,5,in progress,here,true,3,admin,6,1525536806121,NULL
80,description,2,received,here,true,3,admin,27,1522460176489,NULL
81,description,1,received,here,false,3,admin,5,1524190518502,NULL
82,description,2,in progress,here,true,3,admin,9,1523397359018,NULL
83,description,4,received,here,false,3,admin,14,1523104135424,NULL
84,description,1,done,here,true,3,admin,5,1525874559021,1525887302832
85,description,3,received,here,false,3,admin,12,1525081198300,NULL
86,description,4,done,here,true,3,admin,0,1525582039925,1525590252930
87,description,3,done,here,false,3,admin,17,1524890406337,1524874860736
88,description,5,received,here,true,3,admin,14,1523539746653,NULL
89,description,5,received,here,true,3,admin,5,1525297466265,NULL
90,description,3,received,here,false,3,admin,6,1525565239169,NULL
91,description,5,received,here,false,3,admin,13,1523348074674,NULL
92,description,1,done,here,true,3,admin,9,1521866958834,1521847288969
93,description,1,in progress,here,true,3,admin,29,1522847714487,NULL
94,description,5,done,here,true,3,admin,8,1523730257032,1523730226903
95,description,1,done,here,true,3,admin,15,1523133964100,1523116603794
96,description,3,done,here,true,3,admin,23,1523675973858,1523665706166
97,description,1,done,here,true,3,admin,1,1522854351593,1522881592571
98,description,3,done,here,true,3,admin,5,1525727244704,1525712951314
99,description,3,done,here,false,3,admin,5,1525131313389,1525128171503
100,description,3,done,here,false,3,admin,23,1522263498341,1522235466754
101,description,3,received,here,true,3,admin,16,1523790576512,NULL
102,description,1,received,here,false,3,admin,25,1524021119633,NULL
103,description,1,received,here,true,3,admin,17,1523223886284,NULL
104,description,2,done,here,true,3,admin,7,1525071869927,1525051946839
105,description,1,done,here,true,3,admin,16,1523123906614,1523106516471
106,description,2,received,here,false,3,admin,17,1524099161978,NULL
107,description,3,received,here,true,3,admin,23,1524144010706,NULL
108,description,1,done,here,false,3,admin,7,1525328000454,1525322696561
109,description,2,received,here,true,3,admin,1,1525653103338,NULL
110,description,4,done,here,true,3,admin,23,1525509655923,1525477270540
111,description,2,received,here,false,3,admin,10,1523981054480,NULL
112,description,4,received,here,false,3,admin,1,1523966283981,NULL
113,description,2,done,here,true,3,admin,1,1522202755657,1522222311201
114,description,3,done,here,true,3,admin,24,1525934731581,1525922897603
115,description,2,done,here,false,3,admin,16,1523165859419,1523187093074
116,description,1,in progress,here,false,3,admin,26,1523770383188,NULL
117,description,2,done,here,false,3,admin,9,1524013711196,1523978312989
118,description,5,received,here,true,3,admin,19,1522992382118,NULL
119,description,3,received,here,false,3,admin,22,1521811437475,NULL
120,description,5,done,here,false,3,admin,28,1521935993419,1521944378616
121,description,2,received,here,false,3,admin,9,1525425123606,NULL
122,description,5,done,here,false,3,admin,0,1522312145646,1522313144736
123,description,2,received,here,false,3,admin,5,1523118376512,NULL
124,description,4,received,here,true,3,admin,6,1523642635719,NULL
125,description,5,received,here,true,3,admin,18,1522763976428,NULL
126,description,1,done,here,true,3,admin,4,1524631083749,1524608077378
127,description,5,done,here,false,3,admin,14,1524395391176,1524386764328
128,description,5,received,here,false,3,admin,6,1524811491003,NULL
129,description,5,received,here,true,3,admin,25,1524902944568,NULL
130,description,5,done,here,true,3,admin,13,1522493765998,1522466432745
131,description,4,received,here,true,3,admin,14,1525244949483,NULL
132,description,2,done,here,true,3,admin,29,1523482137633,1523515408127
133,description,5,done,here,true,3,admin,16,1524606755335,1524577747707
134,description,1,done,here,true,3,admin,2,1524120838293,1524112507674
135,description,2,done,here,false,3,admin,16,1524912008406,1524913515542
136,description,5,received,here,false,3,admin,4,1524725486076,NULL
137,description,1,done,here,false,3,admin,2,1522617670975,1522604535860
138,description,4,done,here,false,3,admin,18,1525443063929,1525435810841
139,description,2,in progress,here,true,3,admin,23,1525198540217,NULL
140,description,2,received,here,true,3,admin,3,1524354693436,NULL
141,description,2,received,here,true,3,admin,10,1523886876527,NULL
142,description,4,done,here,true,3,admin,12,1525789482910,1525801227216
143,description,4,in progress,here,false,3,admin,2,1523303864784,NULL
144,description,5,done,here,true,3,admin,15,1525118668779,1525133974681
145,description,4,received,here,true,3,admin,10,1524400748896,NULL
146,description,2,received,here,true,3,admin,13,1522905999713,NULL
147,description,2,received,here,true,3,admin,16,1523643281362,NULL
148,description,3,received,here,true,3,admin,24,1526022417185,NULL
149,description,5,done,here,false,3,admin,17,1521922921991,1521900492813
150,description,2,done,here,true,3,admin,21,1525184227423,1525181758840
151,description,3,received,here,true,3,admin,19,1522748246691,NULL
152,description,5,done,here,true,3,admin,20,1523771478657,1523738555107
153,description,1,received,here,true,3,admin,0,1525589931041,NULL
154,description,5,received,here,true,3,admin,21,1525931553432,NULL
155,description,5,received,here,true,3,admin,4,1525388631766,NULL
156,description,5,done,here,true,3,admin,9,1523018761279,1523054240704
157,description,2,received,here,true,3,admin,13,1523280606373,NULL
158,description,1,done,here,true,3,admin,13,1525665890072,1525645782178
159,description,1,received,here,true,3,admin,19,1525476595021,NULL
160,description,2,received,here,true,3,admin,21,1522294330043,NULL
161,description,4,done,here,true,3,admin,6,1524164203043,1524129634425
162,description,5,done,here,true,3,admin,16,1525100179260,1525131406222
163,description,5,done,here,false,3,admin,9,1522876655287,1522878929978
164,description,2,received,here,true,3,admin,23,1524839430722,NULL
165,description,4,received,here,false,3,admin,6,1522361087886,NULL
166,description,5,received,here,true,3,admin,15,1522324353947,NULL
167,description,2,in progress,here,false,3,admin,7,1524447521394,NULL
168,description,5,received,here,false,3,admin,9,1524339890826,NULL
169,description,3,done,here,true,3,admin,23,1522146094612,1522179397314
170,description,4,done,here,true,3,admin,7,1522467597395,1522442871241
171,description,5,done,here,true,3,admin,24,1524741615036,1524725470975
172,description,1,in progress,here,false,3,admin,6,1524837007440,NULL
173,description,5,received,here,false,3,admin,13,1525629040832,NULL
174,description,5,in progress,here,false,3,admin,21,1522737257466,NULL
175,description,4,in progress,here,true,3,admin,9,1522543181741,NULL
176,description,3,done,here,false,3,admin,2,1521978861373,1521946220866
177,description,3,received,here,true,3,admin,5,1521845067764,NULL
178,description,5,done,here,true,3,admin,25,1523537193524,1523521395209
179,description,3,done,here,false,3,admin,16,1522928348902,1522900068935
180,description,2,received,here,true,3,admin,12,1525519903620,NULL
181,description,1,received,here,true,3,admin,13,1522194431363,NULL
182,description,4,received,here,false,3,admin,9,1522693754083,NULL
183,description,5,done,here,true,3,admin,3,1522386308568,1522394502598
184,description,4,received,here,false,3,admin,10,1524792973691,NULL
185,description,1,done,here,true,3,admin,3,1523343620166,1523342068651
186,description,1,done,here,false,3,admin,19,1525239647034,1525242233002
187,description,5,done,here,true,3,admin,12,1522267006904,1522242841106
188,description,5,done,here,false,3,admin,18,1522390884608,1522392605882
189,description,2,received,here,false,3,admin,20,1525510025976,NULL
190,description,1,done,here,false,3,admin,26,1525649003281,1525682978835
191,description,4,received,here,true,3,admin,27,1522267206846,NULL
192,description,1,done,here,true,3,admin,8,1522694824539,1522693500084
193,description,3,received,here,true,3,admin,5,1523258638681,NULL
194,description,1,in progress,here,false,3,admin,4,1526005575632,NULL
195,description,3,received,here,true,3,admin,3,1523520900739,NULL
196,description,3,done,here,false,3,admin,28,1523957837895,1523929306134
197,description,2,received,here,true,3,admin,27,1523810792752,NULL
198,description,2,received,here,false,3,admin,3,1525580337630,NULL
199,description,5,received,here,false,3,admin,3,1525436543872,NULL
200,description,2,done,here,true,3,admin,13,1524874037372,1524873310291
201,description,3,done,here,true,3,admin,10,1523367297327,1523344288386
202,description,2,received,here,false,3,admin,15,1522133114654,NULL
203,description,2,received,here,false,3,admin,21,1522402293544,NULL
204,description,2,done,here,true,3,admin,27,1523469182028,1523464948042
205,description,4,done,here,true,3,admin,14,1523818726933,1523811646923
206,description,2,received,here,true,3,admin,10,1524985307914,NULL
207,description,2,in progress,here,false,3,admin,8,1524884662063,NULL
208,description,1,received,here,true,3,admin,20,1522453769303,NULL
209,description,3,received,here,true,3,admin,14,1524259020487,NULL
210,description,3,received,here,true,3,admin,19,1523461156293,NULL
211,description,4,done,here,false,3,admin,17,1526010300164,1525975410170
212,description,5,received,here,true,3,admin,14,1522686703163,NULL
213,description,1,done,here,false,3,admin,12,1524938351758,1524964004533
214,description,1,received,here,true,3,admin,29,1522382152302,NULL
215,description,4,done,here,true,3,admin,28,1524801551318,1524779234723
216,description,5,done,here,false,3,admin,0,1524645133121,1524653141302
217,description,3,done,here,true,3,admin,16,1523248832222,1523280761442
218,description,3,in progress,here,false,3,admin,22,1523382993960,NULL
219,description,3,done,here,false,3,admin,5,1523373726682,1523360420404
220,description,4,received,here,true,3,admin,1,1521931967486,NULL
221,description,2,received,here,false,3,admin,10,1525941176278,NULL
222,description,2,done,here,false,3,admin,16,1522050429949,1522018226693
223,description,5,received,here,false,3,admin,28,1524242028017,NULL
224,description,4,received,here,false,3,admin,7,1525311508162,NULL
225,description,2,received,here,true,3,admin,25,1523527105746,NULL
226,description,5,done,here,false,3,admin,0,1525921923938,1525911469857
227,description,3,received,here,true,3,admin,18,1522009932416,NULL
228,description,2,done,here,false,3,admin,18,1522731986706,1522720821804
229,description,2,done,here,false,3,admin,18,1523583918365,1523565661565
230,description,4,received,here,false,3,admin,26,1524513244177,NULL
231,description,3,done,here,false,3,admin,25,1522612208383,1522582704105
232,description,4,received,here,true,3,admin,27,1522116569551,NULL
233,description,1,received,here,false,3,admin,0,1522082864286,NULL
234,description,2,done,here,true,3,admin,17,1524151044800,1524123422563
235,description,3,received,here,true,3,admin,18,1522507766366,NULL
236,description,1,received,here,false,3,admin,5,1523581724880,NULL
237,description,5,done,here,false,3,admin,3,1522940348736,1522929905337
238,description,1,received,here,true,3,admin,26,1525306870543,NULL
239,description,5,done,here,true,3,admin,21,1523986526944,1523995741861
240,description,5,received,here,false,3,admin,2,1525361422733,NULL
241,description,1,done,here,true,3,admin,2,1524403940691,1524388307900
242,description,3,done,here,false,3,admin,10,1524481408780,1524487200446
243,description,2,done,here,true,3,admin,14,1524541569174,1524534092308
244,description,2,received,here,false,3,admin,5,1522603241560,NULL
245,description,2,received,here,true,3,admin,21,1525167393031,NULL
246,description,2,received,here,false,3,admin,10,1525260382472,NULL
247,description,1,done,here,false,3,admin,29,1524783477998,1524799208983
248,description,3,done,here,false,3,admin,16,1525592462971,1525574028676
249,description,3,received,here,false,3,admin,27,1522259246505,NULL
250,description,5,in progress,here,false,3,admin,27,1521937196977,NULL
251,description,1,received,here,false,3,admin,23,1525348312727,NULL
252,description,4,received,here,false,3,admin,27,1523070876196,NULL
253,description,1,done,here,false,3,admin,19,1524255342649,1524266612408
254,description,3,done,here,false,3,admin,24,1525876908110,1525866749124
255,description,3,received,here,true,3,admin,8,1524298548882,NULL
256,description,2,received,here,false,3,admin,8,1523106664627,NULL
257,description,4,done,here,false,3,admin,5,1523069388293,1523072573624
258,description,3,received,here,false,3,admin,24,1522523073403,NULL
259,description,3,done,here,true,3,admin,15,1522110696633,1522090241617
260,description,1,received,here,false,3,admin,25,1523918017990,NULL
261,description,4,done,here,true,3,admin,24,1522266153960,1522257923105
262,description,1,received,here,false,3,admin,21,1524754237397,NULL
263,description,3,received,here,true,3,admin,17,1522015840624,NULL
264,description,1,received,here,true,3,admin,5,1525910551504,NULL
265,description,5,received,here,false,3,admin,29,1525628649689,NULL
266,description,4,done,here,false,3,admin,8,1525342556027,1525335046820
267,description,3,done,here,true,3,admin,2,1524568336728,1524567552208
268,description,1,done,here,false,3,admin,26,1522689959409,1522699939557
269,description,2,done,here,true,3,admin,23,1522915961046,1522881977963
270,description,1,done,here,false,3,admin,4,1522645098901,1522616925461
271,description,2,done,here,false,3,admin,5,1525504823279,1525482459721
272,description,1,done,here,true,3,admin,26,1525921417301,1525929058152
273,description,1,done,here,false,3,admin,13,1523009029698,1523017848881
274,description,4,done,here,false,3,admin,17,1522609709768,1522604586846
275,description,2,received,here,true,3,admin,13,1525040903265,NULL
276,description,3,done,here,false,3,admin,16,1524800120976,1524832890499
277,description,2,received,here,true,3,admin,17,1524924985085,NULL
278,description,4,received,here,false,3,admin,20,1522382046671,NULL
279,description,4,received,here,true,3,admin,28,1525359138782,NULL
280,description,5,received,here,true,3,admin,1,1522802313328,NULL
281,description,5,done,here,false,3,admin,26,1525263751701,1525292183586
282,description,2,received,here,true,3,admin,28,1522935873655,NULL
283,description,5,done,here,true,3,admin,17,1522052240305,1522071545175
284,description,2,received,here,false,3,admin,17,1525441218660,NULL
285,description,4,received,here,false,3,admin,28,1523915588242,NULL
286,description,1,done,here,false,3,admin,12,1525907853513,1525913459460
287,description,1,done,here,false,3,admin,21,1523483753372,1523478564006
288,description,1,received,here,true,3,admin,12,1525839011376,NULL
289,description,2,done,here,false,3,admin,19,1524250035092,1524282198526
290,description,4,done,here,true,3,admin,1,1523492783104,1523510096047
291,description,1,received,here,false,3,admin,18,1523952610447,NULL
292,description,1,done,here,true,3,admin,18,1523708309595,1523701930261
293,description,3,received,here,false,3,admin,1,1524655626914,NULL
294,description,3,done,here,false,3,admin,29,1523301613996,1523279162573
295,description,3,done,here,true,3,admin,2,1522489993507,1522504811898
296,description,5,done,here,true,3,admin,19,1524484257018,1524473468191
297,description,5,done,here,true,3,admin,21,1523678164863,1523711506684
298,description,2,received,here,false,3,admin,26,1524326927618,NULL
299,description,1,received,here,false,3,admin,24,1522381290529,NULL
300,description,4,received,here,true,3,admin,8,1523569675175,NULL
301,description,4,received,here,false,3,admin,26,1524273879136,NULL
302,description,2,received,here,false,3,admin,8,1523789407881,NULL
303,description,5,done,here,false,3,admin,11,1522598273862,1522623955573
304,description,5,done,here,false,3,admin,10,1523253716677,1523264221061
305,description,2,done,here,false,3,admin,14,1522473415683,1522470041788
306,description,3,received,here,false,3,admin,12,1521973542334,NULL
307,description,5,done,here,false,3,admin,18,1522061045692,1522025653033
308,description,1,received,here,true,3,admin,22,1522184044663,NULL
309,description,3,in progress,here,false,3,admin,25,1522896689112,NULL
310,description,2,done,here,false,3,admin,4,1523373092318,1523356318222
311,description,1,done,here,false,3,admin,9,1524807738337,1524831621969
312,description,3,done,here,true,3,admin,27,1524546306334,1524554033796
313,description,3,received,here,true,3,admin,4,1523120986438,NULL
314,description,3,done,here,true,3,admin,18,1523279763405,1523272031576
315,description,3,received,here,true,3,admin,8,1523549881845,NULL
316,description,1,received,here,false,3,admin,2,1523674800349,NULL
317,description,2,done,here,false,3,admin,3,1525967705621,1525934620551
318,description,1,done,here,true,3,admin,18,1522247483142,1522234071367
319,description,2,done,here,false,3,admin,1,1524837788663,1524831006510
320,description,3,received,here,true,3,admin,16,1525165683937,NULL
321,description,3,received,here,false,3,admin,6,1526001925867,NULL
322,description,3,done,here,false,3,admin,19,1523801304923,1523790308785
323,description,5,done,here,true,3,admin,21,1523646155408,1523656185417
324,description,3,received,here,true,3,admin,6,1525548627115,NULL
325,description,5,received,here,false,3,admin,11,1524073202526,NULL
326,description,5,done,here,true,3,admin,9,1523524789233,1523507496403
327,description,5,done,here,false,3,admin,21,1525234277274,1525208614627
328,description,3,done,here,false,3,admin,0,1522962488929,1522933793556
329,description,2,done,here,true,3,admin,20,1522457720476,1522426648283
330,description,1,done,here,true,3,admin,9,1522110970832,1522085112360
331,description,2,done,here,true,3,admin,3,1524696088804,1524715745215
332,description,1,received,here,false,3,admin,28,1525263847738,NULL
333,description,3,received,here,true,3,admin,2,1523705021568,NULL
334,description,4,received,here,true,3,admin,17,1525813552694,NULL
335,description,3,received,here,false,3,admin,28,1521980453870,NULL
336,description,2,received,here,true,3,admin,13,1525446489340,NULL
337,description,2,received,here,true,3,admin,7,1525815195114,NULL
338,description,3,received,here,true,3,admin,23,1523949286403,NULL
339,description,4,received,here,false,3,admin,15,1522296420554,NULL
340,description,5,received,here,false,3,admin,25,1524068083074,NULL
341,description,2,done,here,true,3,admin,26,1523757100710,1523747025319
342,description,5,received,here,true,3,admin,26,1522595303048,NULL
343,description,5,done,here,false,3,admin,18,1524699609345,1524694493676
344,description,4,received,here,true,3,admin,0,1522336033793,NULL
345,description,4,received,here,false,3,admin,12,1522477646757,NULL
346,description,5,done,here,true,3,admin,12,1524806409662,1524840376749
347,description,2,received,here,false,3,admin,0,1523420164893,NULL
348,description,3,done,here,false,3,admin,11,1521959350476,1521982981309
349,description,3,done,here,true,3,admin,24,1525940467209,1525965550781
350,description,2,received,here,false,3,admin,15,1523388904998,NULL
351,description,4,received,here,true,3,admin,0,1525261321994,NULL
352,description,3,done,here,true,3,admin,15,1523126846245,1523108327603
353,description,3,done,here,false,3,admin,0,1523366709095,1523375425355
354,description,2,done,here,false,3,admin,6,1521826046829,1521804772272
355,description,2,received,here,false,3,admin,16,1524221827369,NULL
356,description,2,done,here,true,3,admin,8,1525201696708,1525217504330
357,description,1,done,here,false,3,admin,1,1524820495304,1524797715188
358,description,2,done,here,true,3,admin,6,1525056911244,1525048937770
359,description,3,received,here,false,3,admin,0,1524526606867,NULL
360,description,3,received,here,false,3,admin,0,1522336555022,NULL
361,description,1,done,here,false,3,admin,13,1523620490805,1523602846753
362,description,4,received,here,true,3,admin,25,1525478929670,NULL
363,description,1,done,here,true,3,admin,5,1525126419037,1525127161968
364,description,1,received,here,false,3,admin,9,1524446711208,NULL
365,description,5,received,here,false,3,admin,19,1524456644619,NULL
366,description,2,received,here,false,3,admin,22,1525201077506,NULL
367,description,2,received,here,false,3,admin,14,1524633768882,NULL
368,description,2,done,here,true,3,admin,16,1523376680923,1523370124560
369,description,3,done,here,true,3,admin,19,1524807728767,1524822517260
370,description,1,done,here,true,3,admin,11,1525402939730,1525426042017
371,description,2,received,here,false,3,admin,17,1524159806552,NULL
372,description,4,done,here,false,3,admin,28,1522423351105,1522432981898
373,description,2,received,here,false,3,admin,2,1523172834421,NULL
374,description,1,in progress,here,true,3,admin,8,1524283039983,NULL
375,description,5,done,here,false,3,admin,19,1522069723802,1522062074417
376,description,4,done,here,false,3,admin,17,1525925115980,1525935910132
377,description,4,received,here,true,3,admin,14,1523558770913,NULL
378,description,5,received,here,false,3,admin,0,1522745150659,NULL
379,description,3,in progress,here,true,3,admin,0,1524780191979,NULL
380,description,1,done,here,true,3,admin,25,1524090677972,1524113394576
381,description,1,done,here,true,3,admin,11,1523212158047,1523198313305
382,description,1,received,here,false,3,admin,22,1521777828263,NULL
383,description,4,received,here,true,3,admin,28,1523482865949,NULL
384,description,4,in progress,here,true,3,admin,22,1522115069861,NULL
385,description,3,done,here,true,3,admin,6,1525315605246,1525287181974
386,description,3,done,here,false,3,admin,5,1524612050202,1524620731609
387,description,3,done,here,true,3,admin,0,1524843481954,1524866769313
388,description,1,received,here,true,3,admin,3,1525743797707,NULL
389,description,3,done,here,true,3,admin,16,1523312086903,1523294200197
390,description,1,received,here,false,3,admin,18,1523134692464,NULL
391,description,1,done,here,false,3,admin,11,1522956446563,1522967123911
392,description,2,received,here,true,3,admin,23,1522661589913,NULL
393,description,2,received,here,true,3,admin,17,1524938862240,NULL
394,description,1,received,here,false,3,admin,25,1523001893701,NULL
395,description,5,received,here,false,3,admin,18,1523520036292,NULL
396,description,4,received,here,true,3,admin,17,1523052618341,NULL
397,description,1,done,here,false,3,admin,14,1522848838394,1522868191832
398,description,1,done,here,false,3,admin,11,1524019867350,1524004396843
399,description,1,received,here,true,3,admin,27,1522353345470,NULL
400,description,4,done,here,true,0,admin,3,1522370979948,1522370980698
401,description,4,done,here,true,0,admin,3,1525837614794,1525837615659
402,description,4,done,here,true,0,admin,1,1524167156199,1524167156763
403,description,4,done,here,true,0,admin,2,1524415352603,1524415352883
404,description,4,done,here,true,0,admin,4,1524323897977,1524323898732
405,description,4,done,here,true,0,admin,0,1525814612140,1525814613064
406,description,4,done,here,true,0,admin,3,1522641875596,1522641875790
407,description,4,done,here,true,0,admin,1,1521977024131,1521977024429
408,description,4,done,here,true,0,admin,4,1524755704738,1524755705374
409,description,4,done,here,true,0,admin,2,1525978491522,1525978492243
410,description,4,done,here,true,0,admin,2,1524151558108,1524151558798
411,description,4,done,here,true,0,admin,1,1522185882855,1522185883063
412,description,4,done,here,true,0,admin,4,1525070422389,1525070423152
413,description,4,done,here,true,0,admin,4,1522263307213,1522263307526
414,description,4,done,here,true,0,admin,4,1523547445830,1523547445988
415,description,4,done,here,true,0,admin,0,1525057421992,1525057422746
416,description,4,done,here,true,0,admin,3,1524794237762,1524794238630
417,description,4,done,here,true,0,admin,1,1523427254730,1523427255507
418,description,4,done,here,true,0,admin,3,1524568050681,1524568051665
419,description,4,done,here,true,0,admin,1,1521999822307,1521999822648
420,description,4,done,here,true,0,admin,3,1525679886871,1525679887799
421,description,4,done,here,true,0,admin,1,1522413107066,1522413107699
422,description,4,done,here,true,0,admin,2,1522847107300,1522847108031
423,description,4,done,here,true,0,admin,0,1523838255735,1523838256425
424,description,4,done,here,true,0,admin,1,1523745861827,1523745862757
425,description,4,done,here,true,0,admin,3,1523050132891,1523050132904
426,description,4,done,here,true,0,admin,2,1523018858165,1523018858654
427,description,4,done,here,true,0,admin,0,1524852722180,1524852722600
428,description,4,done,here,true,0,admin,0,1523324965846,1523324966202
429,description,4,done,here,true,0,admin,4,1522759600812,1522759601092
430,description,4,done,here,true,0,admin,2,1524674077917,1524674078681
431,description,4,done,here,true,0,admin,2,1521997984745,1521997985662
432,description,4,done,here,true,0,admin,3,1524518621598,1524518622504
433,description,4,done,here,true,0,admin,2,1522650923757,1522650924631
434,description,4,done,here,true,0,admin,3,1522515651721,1522515652689
435,description,4,done,here,true,0,admin,3,1522716833093,1522716833933
436,description,4,done,here,true,0,admin,2,1524573909546,1524573910415
437,description,4,done,here,true,0,admin,0,1523652606043,1523652607011
438,description,4,done,here,true,0,admin,0,1522039107753,1522039108328
439,description,4,done,here,true,0,admin,4,1525223770357,1525223771101
440,description,4,done,here,true,0,admin,0,1525381930826,1525381931722
441,description,4,done,here,true,0,admin,2,1522082988726,1522082989034
442,description,4,done,here,true,0,admin,4,1523745121772,1523745122559
443,description,4,done,here,true,0,admin,1,1522781953947,1522781954521
444,description,4,done,here,true,0,admin,1,1525337445516,1525337446177
445,description,4,done,here,true,0,admin,0,1525581981566,1525581982526
446,description,4,done,here,true,0,admin,2,1522306550465,1522306551119
447,description,4,done,here,true,0,admin,4,1522292936596,1522292936721
448,description,4,done,here,true,0,admin,2,1524265602879,1524265603254
449,description,4,done,here,true,0,admin,4,1523351882224,1523351882862
450,description,4,done,here,true,0,admin,4,1523089135447,1523089136347
451,description,4,done,here,true,0,admin,4,1523495339264,1523495339393
452,description,4,done,here,true,0,admin,4,1521803198067,1521803198724
453,description,4,done,here,true,0,admin,3,1523970267917,1523970268590
454,description,4,done,here,true,0,admin,3,1525811670428,1525811670594
455,description,4,done,here,true,0,admin,4,1524253929918,1524253930817
456,description,4,done,here,true,0,admin,4,1522907886326,1522907886739
457,description,4,done,here,true,0,admin,4,1523856099731,1523856100399
458,description,4,done,here,true,0,admin,3,1522841930050,1522841930258
459,description,4,done,here,true,0,admin,2,1521857559917,1521857560010
460,description,4,done,here,true,0,admin,4,1524440338265,1524440338878
461,description,4,done,here,true,0,admin,0,1521799508482,1521799509059
462,description,4,done,here,true,0,admin,2,1524191178676,1524191178984
463,description,4,done,here,true,0,admin,3,1522120340842,1522120341053
464,description,4,done,here,true,0,admin,2,1524410054632,1524410054925
465,description,4,done,here,true,0,admin,4,1522093297303,1522093297586
466,description,4,done,here,true,0,admin,4,1525707055139,1525707055974
467,description,4,done,here,true,0,admin,0,1524057029846,1524057030173
468,description,4,done,here,true,0,admin,4,1525682340531,1525682341440
469,description,4,done,here,true,0,admin,4,1523565029202,1523565029781
470,description,4,done,here,true,0,admin,3,1524869448574,1524869449320
471,description,4,done,here,true,0,admin,4,1524139261072,1524139261756
472,description,4,done,here,true,0,admin,1,1522050066314,1522050067124
473,description,4,done,here,true,0,admin,4,1525094564338,1525094564488
474,description,4,done,here,true,0,admin,2,1524311481460,1524311481709
475,description,4,done,here,true,0,admin,1,1522935976759,1522935977242
476,description,4,done,here,true,0,admin,3,1522219577339,1522219578080
477,description,4,done,here,true,0,admin,3,1525588562423,1525588563059
478,description,4,done,here,true,0,admin,3,1522243516276,1522243516425
479,description,4,done,here,true,0,admin,2,1524457604393,1524457604624
480,description,4,done,here,true,0,admin,2,1524452452181,1524452452470
481,description,4,done,here,true,0,admin,0,1525374494878,1525374495207
482,description,4,done,here,true,0,admin,0,1522244098733,1522244099099
483,description,4,done,here,true,0,admin,4,1526039719045,1526039719048
484,description,4,done,here,true,0,admin,3,1525329758888,1525329759241
485,description,4,done,here,true,0,admin,4,1522018067688,1522018068495
486,description,4,done,here,true,0,admin,1,1525088531981,1525088532494
487,description,4,done,here,true,0,admin,1,1525592959276,1525592960134
488,description,4,done,here,true,0,admin,0,1524772632770,1524772633433
489,description,4,done,here,true,0,admin,0,1522558985107,1522558985812
490,description,4,done,here,true,0,admin,0,1524341576517,1524341577123
491,description,4,done,here,true,0,admin,0,1524727582907,1524727583544
492,description,4,done,here,true,0,admin,1,1522738995762,1522738995783
493,description,4,done,here,true,0,admin,0,1524366765854,1524366766495
494,description,4,done,here,true,0,admin,3,1522072061378,1522072062123
495,description,4,done,here,true,0,admin,2,1522367176337,1522367177041
496,description,4,done,here,true,0,admin,0,1523417332040,1523417332678
497,description,4,done,here,true,0,admin,4,1523118763976,1523118764874
498,description,4,done,here,true,0,admin,3,1524138875572,1524138876337
499,description,4,done,here,true,0,admin,0,1522457060302,1522457061067
500,description,4,done,here,true,0,admin,0,1523009987090,1523009987814
501,description,4,done,here,true,0,admin,2,1523724426128,1523724426781
502,description,4,done,here,true,0,admin,4,1524963674378,1524963674781
503,description,4,done,here,true,0,admin,2,1522464618321,1522464618903
504,description,4,done,here,true,0,admin,1,1524844192351,1524844192450
505,description,4,done,here,true,0,admin,4,1524651107893,1524651108187
506,description,4,done,here,true,0,admin,4,1524991631731,1524991632090
507,description,4,done,here,true,0,admin,1,1525604443576,1525604443886
508,description,4,done,here,true,0,admin,3,1525691027903,1525691028419
509,description,4,done,here,true,0,admin,3,1522342441270,1522342441997
510,description,4,done,here,true,0,admin,2,1524183580253,1524183580767
511,description,4,done,here,true,0,admin,0,1524158177636,1524158178235
512,description,4,done,here,true,0,admin,2,1523472976257,1523472976499
513,description,4,done,here,true,0,admin,1,1525511928787,1525511929238
514,description,4,done,here,true,0,admin,4,1524003451898,1524003452513
515,description,4,done,here,true,0,admin,2,1524739224178,1524739225054
516,description,4,done,here,true,0,admin,4,1522452534451,1522452535378
517,description,4,done,here,true,0,admin,3,1525071024906,1525071025222
518,description,4,done,here,true,0,admin,3,1522046550069,1522046550494
519,description,4,done,here,true,0,admin,0,1522070021825,1522070021857
520,description,4,done,here,true,0,admin,4,1523805511716,1523805512139
521,description,4,done,here,true,0,admin,4,1523291013529,1523291013550
522,description,4,done,here,true,0,admin,1,1525330115263,1525330116202
523,description,4,done,here,true,0,admin,0,1524334313969,1524334314733
524,description,4,done,here,true,0,admin,4,1522768636515,1522768637110
525,description,4,done,here,true,0,admin,0,1522860785665,1522860786225
526,description,4,done,here,true,0,admin,4,1525589525767,1525589526749
527,description,4,done,here,true,0,admin,4,1525934681440,1525934681724
528,description,4,done,here,true,0,admin,1,1523887420352,1523887421133
529,description,4,done,here,true,0,admin,2,1525752734848,1525752735655
530,description,4,done,here,true,0,admin,0,1524878621244,1524878621785
531,description,4,done,here,true,0,admin,4,1524275324974,1524275325943
532,description,4,done,here,true,0,admin,4,1524686941769,1524686942059
533,description,4,done,here,true,0,admin,0,1522015769365,1522015770330
534,description,4,done,here,true,0,admin,1,1522605236045,1522605236360
535,description,4,done,here,true,0,admin,1,1525792487226,1525792487561
536,description,4,done,here,true,0,admin,4,1524388654541,1524388654783
537,description,4,done,here,true,0,admin,2,1524850109823,1524850110300
538,description,4,done,here,true,0,admin,2,1524383142633,1524383143363
539,description,4,done,here,true,0,admin,4,1524035867938,1524035867946
540,description,4,done,here,true,0,admin,0,1523028269020,1523028269709
541,description,4,done,here,true,0,admin,4,1522561205053,1522561205894
542,description,4,done,here,true,0,admin,0,1524633681278,1524633681355
543,description,4,done,here,true,0,admin,4,1526019924550,1526019924996
544,description,4,done,here,true,0,admin,3,1522500654020,1522500655013
545,description,4,done,here,true,0,admin,2,1521859035534,1521859036402
546,description,4,done,here,true,0,admin,3,1525465760061,1525465760371
547,description,4,done,here,true,0,admin,1,1525896549572,1525896549648
548,description,4,done,here,true,0,admin,4,1522804095636,1522804096536
549,description,4,done,here,true,0,admin,4,1525182849906,1525182850898
550,description,4,done,here,true,0,admin,4,1524440148499,1524440148787
551,description,4,done,here,true,0,admin,2,1525790337148,1525790337624
552,description,4,done,here,true,0,admin,1,1522862376732,1522862376945
553,description,4,done,here,true,0,admin,1,1524175806886,1524175807829
554,description,4,done,here,true,0,admin,4,1523009330608,1523009331062
555,description,4,done,here,true,0,admin,3,1522175282957,1522175283230
556,description,4,done,here,true,0,admin,0,1525639464426,1525639464633
557,description,4,done,here,true,0,admin,0,1525935743659,1525935744639
558,description,4,done,here,true,0,admin,0,1524746062723,1524746062939
559,description,4,done,here,true,0,admin,2,1525421875157,1525421876082
560,description,4,done,here,true,0,admin,2,1524713014606,1524713014778
561,description,4,done,here,true,0,admin,1,1524515334846,1524515335545
562,description,4,done,here,true,0,admin,4,1525759777979,1525759778663
563,description,4,done,here,true,0,admin,0,1524450969589,1524450970513
564,description,4,done,here,true,0,admin,2,1525708571991,1525708572789
565,description,4,done,here,true,0,admin,3,1522344692705,1522344692901
566,description,4,done,here,true,0,admin,2,1524396041287,1524396041864
567,description,4,done,here,true,0,admin,2,1522105465418,1522105465712
568,description,4,done,here,true,0,admin,1,1521778616274,1521778616730
569,description,4,done,here,true,0,admin,2,1524787090896,1524787091154
570,description,4,done,here,true,0,admin,2,1524700909270,1524700909379
571,description,4,done,here,true,0,admin,2,1525258887027,1525258887803
572,description,4,done,here,true,0,admin,3,1525920456783,1525920457380
573,description,4,done,here,true,0,admin,4,1524454032907,1524454033036
574,description,4,done,here,true,0,admin,0,1524238176982,1524238177397
575,description,4,done,here,true,0,admin,0,1522930091471,1522930092170
576,description,4,done,here,true,0,admin,4,1525630034974,1525630035660
577,description,4,done,here,true,0,admin,3,1525191882705,1525191883436
578,description,4,done,here,true,0,admin,0,1523018391672,1523018391716
579,description,4,done,here,true,0,admin,3,1523254284671,1523254285521
580,description,4,done,here,true,0,admin,0,1524962662990,1524962663069
581,description,4,done,here,true,0,admin,4,1525729514530,1525729515395
582,description,4,done,here,true,0,admin,4,1524800262569,1524800262927
583,description,4,done,here,true,0,admin,2,1525813259360,1525813259575
584,description,4,done,here,true,0,admin,4,1524465372076,1524465372142
585,description,4,done,here,true,0,admin,4,1523636617659,1523636617859
586,description,4,done,here,true,0,admin,1,1522426190361,1522426190784
587,description,4,done,here,true,0,admin,0,1523797358097,1523797358414
588,description,4,done,here,true,0,admin,3,1524595004105,1524595004947
589,description,4,done,here,true,0,admin,0,1521859138844,1521859139572
590,description,4,done,here,true,0,admin,1,1522204407607,1522204408457
591,description,4,done,here,true,0,admin,0,1522023740402,1522023741232
592,description,4,done,here,true,0,admin,1,1525493287924,1525493288284
593,description,4,done,here,true,0,admin,3,1523319570565,1523319570690
594,description,4,done,here,true,0,admin,1,1523837526065,1523837526898
595,description,4,done,here,true,0,admin,0,1525697020194,1525697020351
596,description,4,done,here,true,0,admin,2,1524981171515,1524981171723
597,description,4,done,here,true,0,admin,0,1523765855220,1523765855765
598,description,4,done,here,true,0,admin,1,1525942367736,1525942367790
599,description,4,done,here,true,0,admin,3,1522444074623,1522444075099
600,description,4,received,here,true,NULL,NULL,NULL,1524150873709,NULL
601,description,4,received,here,true,NULL,NULL,NULL,1523186436675,NULL
602,description,4,received,here,true,NULL,NULL,NULL,1524863835431,NULL
603,description,4,received,here,true,NULL,NULL,NULL,1522137498237,NULL
604,description,4,received,here,true,NULL,NULL,NULL,1523052999481,NULL
605,description,4,received,here,true,NULL,NULL,NULL,1522984578078,NULL
606,description,4,received,here,true,NULL,NULL,NULL,1522030756521,NULL
607,description,4,received,here,true,NULL,NULL,NULL,1524665808324,NULL
608,description,4,received,here,true,NULL,NULL,NULL,1523090573593,NULL
609,description,4,received,here,true,NULL,NULL,NULL,1524944089499,NULL
610,description,4,received,here,true,NULL,NULL,NULL,1524029929375,NULL
611,description,4,received,here,true,NULL,NULL,NULL,1525240866459,NULL
612,description,4,received,here,true,NULL,NULL,NULL,1523349658724,NULL
613,description,4,received,here,true,NULL,NULL,NULL,1521864522117,NULL
614,description,4,received,here,true,NULL,NULL,NULL,1523820972543,NULL
615,description,4,received,here,true,NULL,NULL,NULL,1522161592731,NULL
616,description,4,received,here,true,NULL,NULL,NULL,1522562652303,NULL
617,description,4,received,here,true,NULL,NULL,NULL,1523323575586,NULL
618,description,4,received,here,true,NULL,NULL,NULL,1522326314138,NULL
619,description,4,received,here,true,NULL,NULL,NULL,1523960347033,NULL
620,description,4,received,here,true,NULL,NULL,NULL,1525088202666,NULL
621,description,4,received,here,true,NULL,NULL,NULL,1522659951542,NULL
622,description,4,received,here,true,NULL,NULL,NULL,1525777983136,NULL
623,description,4,received,here,true,NULL,NULL,NULL,1525837759269,NULL
624,description,4,received,here,true,NULL,NULL,NULL,1524907823582,NULL
625,description,4,received,here,true,NULL,NULL,NULL,1521940817407,NULL
626,description,4,received,here,true,NULL,NULL,NULL,1521947681560,NULL
627,description,4,received,here,true,NULL,NULL,NULL,1525652332555,NULL
628,description,4,received,here,true,NULL,NULL,NULL,1521774957814,NULL
629,description,4,received,here,true,NULL,NULL,NULL,1524248625592,NULL
630,description,4,received,here,true,NULL,NULL,NULL,1524525281386,NULL
631,description,4,received,here,true,NULL,NULL,NULL,1525589902038,NULL
632,description,4,received,here,true,NULL,NULL,NULL,1522078780372,NULL
633,description,4,received,here,true,NULL,NULL,NULL,1524219100440,NULL
634,description,4,received,here,true,NULL,NULL,NULL,1522409594839,NULL
635,description,4,received,here,true,NULL,NULL,NULL,1523817222730,NULL
636,description,4,received,here,true,NULL,NULL,NULL,1523453726200,NULL
637,description,4,received,here,true,NULL,NULL,NULL,1525744745042,NULL
638,description,4,received,here,true,NULL,NULL,NULL,1523630142716,NULL
639,description,4,received,here,true,NULL,NULL,NULL,1523035452648,NULL
640,description,4,received,here,true,NULL,NULL,NULL,1522057752320,NULL
641,description,4,received,here,true,NULL,NULL,NULL,1524485970708,NULL
642,description,4,received,here,true,NULL,NULL,NULL,1523474732373,NULL
643,description,4,received,here,true,NULL,NULL,NULL,1522648452204,NULL
644,description,4,received,here,true,NULL,NULL,NULL,1524563387937,NULL
645,description,4,received,here,true,NULL,NULL,NULL,1525837526027,NULL
646,description,4,received,here,true,NULL,NULL,NULL,1523249522614,NULL
647,description,4,received,here,true,NULL,NULL,NULL,1524406067536,NULL
648,description,4,received,here,true,NULL,NULL,NULL,1522104706481,NULL
649,description,4,received,here,true,NULL,NULL,NULL,1523770126428,NULL
650,description,4,received,here,true,NULL,NULL,NULL,1524599694290,NULL
651,description,4,received,here,true,NULL,NULL,NULL,1523060768329,NULL
652,description,4,received,here,true,NULL,NULL,NULL,1523844457119,NULL
653,description,4,received,here,true,NULL,NULL,NULL,1522326644010,NULL
654,description,4,received,here,true,NULL,NULL,NULL,1523333779895,NULL
655,description,4,received,here,true,NULL,NULL,NULL,1522895272903,NULL
656,description,4,received,here,true,NULL,NULL,NULL,1525187742710,NULL
657,description,4,received,here,true,NULL,NULL,NULL,1525318587669,NULL
658,description,4,received,here,true,NULL,NULL,NULL,1522496207182,NULL
659,description,4,received,here,true,NULL,NULL,NULL,1525881338743,NULL
660,description,4,received,here,true,NULL,NULL,NULL,1524605547104,NULL
661,description,4,received,here,true,NULL,NULL,NULL,1522172535735,NULL
662,description,4,received,here,true,NULL,NULL,NULL,1524265320925,NULL
663,description,4,received,here,true,NULL,NULL,NULL,1525608076226,NULL
664,description,4,received,here,true,NULL,NULL,NULL,1523074801567,NULL
665,description,4,received,here,true,NULL,NULL,NULL,1523910228263,NULL
666,description,4,received,here,true,NULL,NULL,NULL,1524506689927,NULL
667,description,4,received,here,true,NULL,NULL,NULL,1525209148238,NULL
668,description,4,received,here,true,NULL,NULL,NULL,1524191338004,NULL
669,description,4,received,here,true,NULL,NULL,NULL,1524061164920,NULL
670,description,4,received,here,true,NULL,NULL,NULL,1524915387592,NULL
671,description,4,received,here,true,NULL,NULL,NULL,1524566688890,NULL
672,description,4,received,here,true,NULL,NULL,NULL,1523110883387,NULL
673,description,4,received,here,true,NULL,NULL,NULL,1523442848825,NULL
674,description,4,received,here,true,NULL,NULL,NULL,1525700924923,NULL
675,description,4,received,here,true,NULL,NULL,NULL,1524003944676,NULL
676,description,4,received,here,true,NULL,NULL,NULL,1521894733866,NULL
677,description,4,received,here,true,NULL,NULL,NULL,1524603428852,NULL
678,description,4,received,here,true,NULL,NULL,NULL,1525618404566,NULL
679,description,4,received,here,true,NULL,NULL,NULL,1524901127396,NULL
680,description,4,received,here,true,NULL,NULL,NULL,1522832543511,NULL
681,description,4,received,here,true,NULL,NULL,NULL,1526002914737,NULL
682,description,4,received,here,true,NULL,NULL,NULL,1525375856107,NULL
683,description,4,received,here,true,NULL,NULL,NULL,1525582840593,NULL
684,description,4,received,here,true,NULL,NULL,NULL,1521942547665,NULL
685,description,4,received,here,true,NULL,NULL,NULL,1525201197170,NULL
686,description,4,received,here,true,NULL,NULL,NULL,1525309690408,NULL
687,description,4,received,here,true,NULL,NULL,NULL,1523236386745,NULL
688,description,4,received,here,true,NULL,NULL,NULL,1524476247876,NULL
689,description,4,received,here,true,NULL,NULL,NULL,1524747654327,NULL
690,description,4,received,here,true,NULL,NULL,NULL,1524422807125,NULL
691,description,4,received,here,true,NULL,NULL,NULL,1522348412011,NULL
692,description,4,received,here,true,NULL,NULL,NULL,1524290179576,NULL
693,description,4,received,here,true,NULL,NULL,NULL,1524128166906,NULL
694,description,4,received,here,true,NULL,NULL,NULL,1522473431706,NULL
695,description,4,received,here,true,NULL,NULL,NULL,1525782633326,NULL
696,description,4,received,here,true,NULL,NULL,NULL,1525744608657,NULL
697,description,4,received,here,true,NULL,NULL,NULL,1523265536050,NULL
698,description,4,received,here,true,NULL,NULL,NULL,1525557049848,NULL
699,description,4,received,here,true,NULL,NULL,NULL,1523473230665,NULL
700,description,4,received,here,true,NULL,NULL,NULL,1524951783246,NULL
701,description,4,received,here,true,NULL,NULL,NULL,1524544616274,NULL
702,description,4,received,here,true,NULL,NULL,NULL,1524179110349,NULL
703,description,4,received,here,true,NULL,NULL,NULL,1522762431036,NULL
704,description,4,received,here,true,NULL,NULL,NULL,1525199992972,NULL
705,description,4,received,here,true,NULL,NULL,NULL,1525697990344,NULL
706,description,4,received,here,true,NULL,NULL,NULL,1522971173204,NULL
707,description,4,received,here,true,NULL,NULL,NULL,1524753070531,NULL
708,description,4,received,here,true,NULL,NULL,NULL,1525043836483,NULL
709,description,4,received,here,true,NULL,NULL,NULL,1523666888450,NULL
710,description,4,received,here,true,NULL,NULL,NULL,1523461159201,NULL
711,description,4,received,here,true,NULL,NULL,NULL,1523713833497,NULL
712,description,4,received,here,true,NULL,NULL,NULL,1523746680965,NULL
713,description,4,received,here,true,NULL,NULL,NULL,1522435878627,NULL
714,description,4,received,here,true,NULL,NULL,NULL,1522734535335,NULL
715,description,4,received,here,true,NULL,NULL,NULL,1524630750641,NULL
716,description,4,received,here,true,NULL,NULL,NULL,1525171454467,NULL
717,description,4,received,here,true,NULL,NULL,NULL,1524548106063,NULL
718,description,4,received,here,true,NULL,NULL,NULL,1524481963955,NULL
719,description,4,received,here,true,NULL,NULL,NULL,1525206199484,NULL
720,description,4,received,here,true,NULL,NULL,NULL,1524063844233,NULL
721,description,4,received,here,true,NULL,NULL,NULL,1525195241126,NULL
722,description,4,received,here,true,NULL,NULL,NULL,1522518190575,NULL
723,description,4,received,here,true,NULL,NULL,NULL,1521815109799,NULL
724,description,4,received,here,true,NULL,NULL,NULL,1523662714751,NULL
725,description,4,received,here,true,NULL,NULL,NULL,1524953529410,NULL
726,description,4,received,here,true,NULL,NULL,NULL,1522045895266,NULL
727,description,4,received,here,true,NULL,NULL,NULL,1521950015387,NULL
728,description,4,received,here,true,NULL,NULL,NULL,1524482906473,NULL
729,description,4,received,here,true,NULL,NULL,NULL,1523814487033,NULL
730,description,4,received,here,true,NULL,NULL,NULL,1524179828973,NULL
731,description,4,received,here,true,NULL,NULL,NULL,1523335147518,NULL
732,description,4,received,here,true,NULL,NULL,NULL,1523197619559,NULL
733,description,4,received,here,true,NULL,NULL,NULL,1522639575456,NULL
734,description,4,received,here,true,NULL,NULL,NULL,1525641907150,NULL
735,description,4,received,here,true,NULL,NULL,NULL,1525179378671,NULL
736,description,4,received,here,true,NULL,NULL,NULL,1524203942835,NULL
737,description,4,received,here,true,NULL,NULL,NULL,1523804257413,NULL
738,description,4,received,here,true,NULL,NULL,NULL,1522820505374,NULL
739,description,4,received,here,true,NULL,NULL,NULL,1522076146892,NULL
740,description,4,received,here,true,NULL,NULL,NULL,1523534775336,NULL
741,description,4,received,here,true,NULL,NULL,NULL,1523732165362,NULL
742,description,4,received,here,true,NULL,NULL,NULL,1523844967509,NULL
743,description,4,received,here,true,NULL,NULL,NULL,1525342250669,NULL
744,description,4,received,here,true,NULL,NULL,NULL,1525607261623,NULL
745,description,4,received,here,true,NULL,NULL,NULL,1521959738799,NULL
746,description,4,received,here,true,NULL,NULL,NULL,1522225375683,NULL
747,description,4,received,here,true,NULL,NULL,NULL,1522029937640,NULL
748,description,4,received,here,true,NULL,NULL,NULL,1524209767921,NULL
749,description,4,received,here,true,NULL,NULL,NULL,1522646457215,NULL
750,description,4,received,here,true,NULL,NULL,NULL,1524351013399,NULL
751,description,4,received,here,true,NULL,NULL,NULL,1524038406285,NULL
752,description,4,received,here,true,NULL,NULL,NULL,1522637537411,NULL
753,description,4,received,here,true,NULL,NULL,NULL,1525379566751,NULL
754,description,4,received,here,true,NULL,NULL,NULL,1522447700954,NULL
755,description,4,received,here,true,NULL,NULL,NULL,1525208958442,NULL
756,description,4,received,here,true,NULL,NULL,NULL,1525645731507,NULL
757,description,4,received,here,true,NULL,NULL,NULL,1523995493964,NULL
758,description,4,received,here,true,NULL,NULL,NULL,1524673507570,NULL
759,description,4,received,here,true,NULL,NULL,NULL,1522848065031,NULL
760,description,4,received,here,true,NULL,NULL,NULL,1523293664998,NULL
761,description,4,received,here,true,NULL,NULL,NULL,1524888188476,NULL
762,description,4,received,here,true,NULL,NULL,NULL,1523005885986,NULL
763,description,4,received,here,true,NULL,NULL,NULL,1521949054761,NULL
764,description,4,received,here,true,NULL,NULL,NULL,1524632802332,NULL
765,description,4,received,here,true,NULL,NULL,NULL,1525537699362,NULL
766,description,4,received,here,true,NULL,NULL,NULL,1525153968775,NULL
767,description,4,received,here,true,NULL,NULL,NULL,1523124170576,NULL
768,description,4,received,here,true,NULL,NULL,NULL,1524334742896,NULL
769,description,4,received,here,true,NULL,NULL,NULL,1526058340140,NULL
770,description,4,received,here,true,NULL,NULL,NULL,1523960035098,NULL
771,description,4,received,here,true,NULL,NULL,NULL,1525252206522,NULL
772,description,4,received,here,true,NULL,NULL,NULL,1524829210010,NULL
773,description,4,received,here,true,NULL,NULL,NULL,1521873333639,NULL
774,description,4,received,here,true,NULL,NULL,NULL,1523066414642,NULL
775,description,4,received,here,true,NULL,NULL,NULL,1525323034720,NULL
776,description,4,received,here,true,NULL,NULL,NULL,1522742577775,NULL
777,description,4,received,here,true,NULL,NULL,NULL,1525208187863,NULL
778,description,4,received,here,true,NULL,NULL,NULL,1523240635137,NULL
779,description,4,received,here,true,NULL,NULL,NULL,1525537880951,NULL
780,description,4,received,here,true,NULL,NULL,NULL,1526028442718,NULL
781,description,4,received,here,true,NULL,NULL,NULL,1523101769410,NULL
782,description,4,received,here,true,NULL,NULL,NULL,1524306161941,NULL
783,description,4,received,here,true,NULL,NULL,NULL,1523964254447,NULL
784,description,4,received,here,true,NULL,NULL,NULL,1522853307890,NULL
785,description,4,received,here,true,NULL,NULL,NULL,1522832369764,NULL
786,description,4,received,here,true,NULL,NULL,NULL,1524708103127,NULL
787,description,4,received,here,true,NULL,NULL,NULL,1524565805557,NULL
788,description,4,received,here,true,NULL,NULL,NULL,1523582657365,NULL
789,description,4,received,here,true,NULL,NULL,NULL,1525743131610,NULL
790,description,4,received,here,true,NULL,NULL,NULL,1522180341261,NULL
791,description,4,received,here,true,NULL,NULL,NULL,1523301839986,NULL
792,description,4,received,here,true,NULL,NULL,NULL,1522766805449,NULL
793,description,4,received,here,true,NULL,NULL,NULL,1524118513850,NULL
794,description,4,received,here,true,NULL,NULL,NULL,1523103553881,NULL
795,description,4,received,here,true,NULL,NULL,NULL,1522751372939,NULL
796,description,4,received,here,true,NULL,NULL,NULL,1522528960303,NULL
797,description,4,received,here,true,NULL,NULL,NULL,1522477958807,NULL
798,description,4,received,here,true,NULL,NULL,NULL,1524887727545,NULL
799,description,4,received,here,true,NULL,NULL,NULL,1524700305953,NULL
800,description,4,received,here,true,1,NULL,NULL,1522698318210,NULL
801,description,4,received,here,true,1,NULL,NULL,1522371704959,NULL
802,description,4,received,here,true,1,NULL,NULL,1525466681608,NULL
803,description,4,received,here,true,1,NULL,NULL,1521999708241,NULL
804,description,4,received,here,true,1,NULL,NULL,1522646802011,NULL
805,description,4,received,here,true,1,NULL,NULL,1524515651711,NULL
806,description,4,received,here,true,1,NULL,NULL,1523223185018,NULL
807,description,4,received,here,true,1,NULL,NULL,1525830049012,NULL
808,description,4,received,here,true,1,NULL,NULL,1523848624748,NULL
809,description,4,received,here,true,1,NULL,NULL,1524520141597,NULL
810,description,4,received,here,true,1,NULL,NULL,1525788986914,NULL
811,description,4,received,here,true,1,NULL,NULL,1523506309663,NULL
812,description,4,received,here,true,1,NULL,NULL,1524090267912,NULL
813,description,4,received,here,true,1,NULL,NULL,1522084092634,NULL
814,description,4,received,here,true,1,NULL,NULL,1525191484525,NULL
815,description,4,received,here,true,1,NULL,NULL,1523477953441,NULL
816,description,4,received,here,true,1,NULL,NULL,1523949941656,NULL
817,description,4,received,here,true,1,NULL,NULL,1522182658998,NULL
818,description,4,received,here,true,1,NULL,NULL,1524690497958,NULL
819,description,4,received,here,true,1,NULL,NULL,1524668234376,NULL
820,description,4,received,here,true,1,NULL,NULL,1524855894309,NULL
821,description,4,received,here,true,1,NULL,NULL,1522207442605,NULL
822,description,4,received,here,true,1,NULL,NULL,1525443471730,NULL
823,description,4,received,here,true,1,NULL,NULL,1523580326046,NULL
824,description,4,received,here,true,1,NULL,NULL,1523161013714,NULL
825,description,4,received,here,true,1,NULL,NULL,1525453417781,NULL
826,description,4,received,here,true,1,NULL,NULL,1525920602707,NULL
827,description,4,received,here,true,1,NULL,NULL,1522471027687,NULL
828,description,4,received,here,true,1,NULL,NULL,1523222569568,NULL
829,description,4,received,here,true,1,NULL,NULL,1522692506817,NULL
830,description,4,received,here,true,1,NULL,NULL,1525481925927,NULL
831,description,4,received,here,true,1,NULL,NULL,1522356814371,NULL
832,description,4,received,here,true,1,NULL,NULL,1522846305195,NULL
833,description,4,received,here,true,1,NULL,NULL,1522082245183,NULL
834,description,4,received,here,true,1,NULL,NULL,1522014246056,NULL
835,description,4,received,here,true,1,NULL,NULL,1525347884113,NULL
836,description,4,received,here,true,1,NULL,NULL,1524341436970,NULL
837,description,4,received,here,true,1,NULL,NULL,1524983453083,NULL
838,description,4,received,here,true,1,NULL,NULL,1521942211819,NULL
839,description,4,received,here,true,1,NULL,NULL,1524429435432,NULL
840,description,4,received,here,true,1,NULL,NULL,1524470272369,NULL
841,description,4,received,here,true,1,NULL,NULL,1524303084860,NULL
842,description,4,received,here,true,1,NULL,NULL,1523310676708,NULL
843,description,4,received,here,true,1,NULL,NULL,1522894179741,NULL
844,description,4,received,here,true,1,NULL,NULL,1523310170032,NULL
845,description,4,received,here,true,1,NULL,NULL,1524262168965,NULL
846,description,4,received,here,true,1,NULL,NULL,1525207972831,NULL
847,description,4,received,here,true,1,NULL,NULL,1525298146914,NULL
848,description,4,received,here,true,1,NULL,NULL,1521879053619,NULL
849,description,4,received,here,true,1,NULL,NULL,1525186852947,NULL
850,description,4,received,here,true,1,NULL,NULL,1524554396934,NULL
851,description,4,received,here,true,1,NULL,NULL,1524955530595,NULL
852,description,4,received,here,true,1,NULL,NULL,1521891595234,NULL
853,description,4,received,here,true,1,NULL,NULL,1525766951043,NULL
854,description,4,received,here,true,1,NULL,NULL,1523519484640,NULL
855,description,4,received,here,true,1,NULL,NULL,1521909604425,NULL
856,description,4,received,here,true,1,NULL,NULL,1522117844673,NULL
857,description,4,received,here,true,1,NULL,NULL,1524623672683,NULL
858,description,4,received,here,true,1,NULL,NULL,1525562525901,NULL
859,description,4,received,here,true,1,NULL,NULL,1522835752185,NULL
860,description,4,received,here,true,1,NULL,NULL,1523293745519,NULL
861,description,4,received,here,true,1,NULL,NULL,1523559328349,NULL
862,description,4,received,here,true,1,NULL,NULL,1525701877901,NULL
863,description,4,received,here,true,1,NULL,NULL,1523787693332,NULL
864,description,4,received,here,true,1,NULL,NULL,1525779269545,NULL
865,description,4,received,here,true,1,NULL,NULL,1521972713002,NULL
866,description,4,received,here,true,1,NULL,NULL,1523800549817,NULL
867,description,4,received,here,true,1,NULL,NULL,1524945064311,NULL
868,description,4,received,here,true,1,NULL,NULL,1525664097478,NULL
869,description,4,received,here,true,1,NULL,NULL,1522923968155,NULL
870,description,4,received,here,true,1,NULL,NULL,1522508921158,NULL
871,description,4,received,here,true,1,NULL,NULL,1523235780026,NULL
872,description,4,received,here,true,1,NULL,NULL,1525653334842,NULL
873,description,4,received,here,true,1,NULL,NULL,1525962937336,NULL
874,description,4,received,here,true,1,NULL,NULL,1524483709191,NULL
875,description,4,received,here,true,1,NULL,NULL,1521782399923,NULL
876,description,4,received,here,true,1,NULL,NULL,1525287068693,NULL
877,description,4,received,here,true,1,NULL,NULL,1523304113284,NULL
878,description,4,received,here,true,1,NULL,NULL,1523331893035,NULL
879,description,4,received,here,true,1,NULL,NULL,1523780806387,NULL
880,description,4,received,here,true,1,NULL,NULL,1525541238405,NULL
881,description,4,received,here,true,1,NULL,NULL,1523980144637,NULL
882,description,4,received,here,true,1,NULL,NULL,1522553218489,NULL
883,description,4,received,here,true,1,NULL,NULL,1521834743878,NULL
884,description,4,received,here,true,1,NULL,NULL,1522220240718,NULL
885,description,4,received,here,true,1,NULL,NULL,1523630146333,NULL
886,description,4,received,here,true,1,NULL,NULL,1523301620248,NULL
887,description,4,received,here,true,1,NULL,NULL,1523092146484,NULL
888,description,4,received,here,true,1,NULL,NULL,1524186986582,NULL
889,description,4,received,here,true,1,NULL,NULL,1523600634653,NULL
890,description,4,received,here,true,1,NULL,NULL,1525766888586,NULL
891,description,4,received,here,true,1,NULL,NULL,1524024778628,NULL
892,description,4,received,here,true,1,NULL,NULL,1524325998620,NULL
893,description,4,received,here,true,1,NULL,NULL,1524925788463,NULL
894,description,4,received,here,true,1,NULL,NULL,1525320955822,NULL
895,description,4,received,here,true,1,NULL,NULL,1525923029174,NULL
896,description,4,received,here,true,1,NULL,NULL,1524171149629,NULL
897,description,4,received,here,true,1,NULL,NULL,1524755017217,NULL
898,description,4,received,here,true,1,NULL,NULL,1523861223420,NULL
899,description,4,received,here,true,1,NULL,NULL,1523192606086,NULL
900,description,4,received,here,true,1,NULL,NULL,1523106699760,NULL
901,description,4,received,here,true,1,NULL,NULL,1525477535039,NULL
902,description,4,received,here,true,1,NULL,NULL,1525742865227,NULL
903,description,4,received,here,true,1,NULL,NULL,1524109634926,NULL
904,description,4,received,here,true,1,NULL,NULL,1525753095050,NULL
905,description,4,received,here,true,1,NULL,NULL,1524645079312,NULL
906,description,4,received,here,true,1,NULL,NULL,1522416685133,NULL
907,description,4,received,here,true,1,NULL,NULL,1523764488738,NULL
908,description,4,received,here,true,1,NULL,NULL,1525346892281,NULL
909,description,4,received,here,true,1,NULL,NULL,1524254025110,NULL
910,description,4,received,here,true,1,NULL,NULL,1525954369040,NULL
911,description,4,received,here,true,1,NULL,NULL,1525618121492,NULL
912,description,4,received,here,true,1,NULL,NULL,1524703839051,NULL
913,description,4,received,here,true,1,NULL,NULL,1523318895729,NULL
914,description,4,received,here,true,1,NULL,NULL,1522760878972,NULL
915,description,4,received,here,true,1,NULL,NULL,1522802909424,NULL
916,description,4,received,here,true,1,NULL,NULL,1525923866406,NULL
917,description,4,received,here,true,1,NULL,NULL,1525713463354,NULL
918,description,4,received,here,true,1,NULL,NULL,1523678666457,NULL
919,description,4,received,here,true,1,NULL,NULL,1524577530143,NULL
920,description,4,received,here,true,1,NULL,NULL,1523507979855,NULL
921,description,4,received,here,true,1,NULL,NULL,1522505431050,NULL
922,description,4,received,here,true,1,NULL,NULL,1525739162952,NULL
923,description,4,received,here,true,1,NULL,NULL,1525637722438,NULL
924,description,4,received,here,true,1,NULL,NULL,1525117411878,NULL
925,description,4,received,here,true,1,NULL,NULL,1525178569459,NULL
926,description,4,received,here,true,1,NULL,NULL,1522633368136,NULL
927,description,4,received,here,true,1,NULL,NULL,1522206114502,NULL
928,description,4,received,here,true,1,NULL,NULL,1525584729126,NULL
929,description,4,received,here,true,1,NULL,NULL,1522121040771,NULL
930,description,4,received,here,true,1,NULL,NULL,1524439295793,NULL
931,description,4,received,here,true,1,NULL,NULL,1523060440635,NULL
932,description,4,received,here,true,1,NULL,NULL,1525172188520,NULL
933,description,4,received,here,true,1,NULL,NULL,1525899232070,NULL
934,description,4,received,here,true,1,NULL,NULL,1525094580922,NULL
935,description,4,received,here,true,1,NULL,NULL,1522781298432,NULL
936,description,4,received,here,true,1,NULL,NULL,1524053988894,NULL
937,description,4,received,here,true,1,NULL,NULL,1522081504835,NULL
938,description,4,received,here,true,1,NULL,NULL,1522897438836,NULL
939,description,4,received,here,true,1,NULL,NULL,1525493685929,NULL
940,description,4,received,here,true,1,NULL,NULL,1525691720987,NULL
941,description,4,received,here,true,1,NULL,NULL,1521885185661,NULL
942,description,4,received,here,true,1,NULL,NULL,1522382452815,NULL
943,description,4,received,here,true,1,NULL,NULL,1522219008133,NULL
944,description,4,received,here,true,1,NULL,NULL,1525564450632,NULL
945,description,4,received,here,true,1,NULL,NULL,1523094583154,NULL
946,description,4,received,here,true,1,NULL,NULL,1522249805331,NULL
947,description,4,received,here,true,1,NULL,NULL,1525135789346,NULL
948,description,4,received,here,true,1,NULL,NULL,1523484385070,NULL
949,description,4,received,here,true,1,NULL,NULL,1525546174876,NULL
950,description,4,received,here,true,1,NULL,NULL,1522979848421,NULL
951,description,4,received,here,true,1,NULL,NULL,1522934250954,NULL
952,description,4,received,here,true,1,NULL,NULL,1524072899696,NULL
953,description,4,received,here,true,1,NULL,NULL,1523329308148,NULL
954,description,4,received,here,true,1,NULL,NULL,1522094691017,NULL
955,description,4,received,here,true,1,NULL,NULL,1522294757376,NULL
956,description,4,received,here,true,1,NULL,NULL,1525702978383,NULL
957,description,4,received,here,true,1,NULL,NULL,1524829800812,NULL
958,description,4,received,here,true,1,NULL,NULL,1523778097180,NULL
959,description,4,received,here,true,1,NULL,NULL,1525976692999,NULL
960,description,4,received,here,true,1,NULL,NULL,1523073760294,NULL
961,description,4,received,here,true,1,NULL,NULL,1523964356722,NULL
962,description,4,received,here,true,1,NULL,NULL,1523626336024,NULL
963,description,4,received,here,true,1,NULL,NULL,1523418812762,NULL
964,description,4,received,here,true,1,NULL,NULL,1523916184302,NULL
965,description,4,received,here,true,1,NULL,NULL,1524056441458,NULL
966,description,4,received,here,true,1,NULL,NULL,1522143543122,NULL
967,description,4,received,here,true,1,NULL,NULL,1523375689779,NULL
968,description,4,received,here,true,1,NULL,NULL,1523315547834,NULL
969,description,4,received,here,true,1,NULL,NULL,1525479331155,NULL
970,description,4,received,here,true,1,NULL,NULL,1524323293502,NULL
971,description,4,received,here,true,1,NULL,NULL,1524631158534,NULL
972,description,4,received,here,true,1,NULL,NULL,1526000351546,NULL
973,description,4,received,here,true,1,NULL,NULL,1525224153335,NULL
974,description,4,received,here,true,1,NULL,NULL,1523690962343,NULL
975,description,4,received,here,true,1,NULL,NULL,1525440384261,NULL
976,description,4,received,here,true,1,NULL,NULL,1525111139898,NULL
977,description,4,received,here,true,1,NULL,NULL,1525543807677,NULL
978,description,4,received,here,true,1,NULL,NULL,1522965009722,NULL
979,description,4,received,here,true,1,NULL,NULL,1523567643292,NULL
980,description,4,received,here,true,1,NULL,NULL,1522622937890,NULL
981,description,4,received,here,true,1,NULL,NULL,1524526051585,NULL
982,description,4,received,here,true,1,NULL,NULL,1525345976314,NULL
983,description,4,received,here,true,1,NULL,NULL,1523542758644,NULL
984,description,4,received,here,true,1,NULL,NULL,1524555558517,NULL
985,description,4,received,here,true,1,NULL,NULL,1523990302361,NULL
986,description,4,received,here,true,1,NULL,NULL,1522611807435,NULL
987,description,4,received,here,true,1,NULL,NULL,1523932852594,NULL
988,description,4,received,here,true,1,NULL,NULL,1526008229716,NULL
989,description,4,received,here,true,1,NULL,NULL,1524734479959,NULL
990,description,4,received,here,true,1,NULL,NULL,1525219291369,NULL
991,description,4,received,here,true,1,NULL,NULL,1524060985654,NULL
992,description,4,received,here,true,1,NULL,NULL,1524840887547,NULL
993,description,4,received,here,true,1,NULL,NULL,1522103692940,NULL
994,description,4,received,here,true,1,NULL,NULL,1522404689776,NULL
995,description,4,received,here,true,1,NULL,NULL,1521886213279,NULL
996,description,4,received,here,true,1,NULL,NULL,1525544431169,NULL
997,description,4,received,here,true,1,NULL,NULL,1524377834626,NULL
998,description,4,received,here,true,1,NULL,NULL,1523842506965,NULL
999,description,4,received,here,true,1,NULL,NULL,1521798710981,NULL
